batch,prob
1,0.330467
2,0.224045
3,0.151895
4,0.10298
5,0.069817
6,0.047333
7,0.03209
8,0.021756
9,0.01475
10,0.01
